Country Name,Country Code,Indicator Name,Indicator Code,1960,1961,1962,1963,1964,1965,1966,1967,1968,1969,1970,1971,1972,1973,1974,1975,1976,1977,1978,1979,1980,1981,1982,1983,1984,1985,1986,1987,1988,1989,1990,1991,1992,1993,1994,1995,1996,1997,1998,1999,2000,2001,2002,2003,2004,2005,2006,2007,2008,2009,2010,2011,2012,2013,2014,2015,2016,2017,2018,2019,2020
Aruba,ABW,Renewable internal freshwater resources per capita (cubic meters),ER.H2O.INTR.PC,,,,,,,,,,,,,,,,,,,,,,,,,,,,,,,,,,,,,,,,,,,,,,,,,,,,,,,,,,,,,
Afghanistan,AFG,Renewable internal freshwater resources per capita (cubic meters),ER.H2O.INTR.PC,,,5042.003687,,,,,4533.686105,,,,,3998.73974,,,,,3579.751317,,,,,3659.995926,,,,,4063.067074,,,,,3254.968781,,,,,2435.795479,,,,,2086.212107,,,,,1739.817987,,,,,1513.091078,,1412.912141,,,,,,
Angola,AGO,Renewable internal freshwater resources per capita (cubic meters),ER.H2O.INTR.PC,,,26388.33393,,,,,25631.06541,,,,,23685.48745,,,,,19644.97026,,,,,16530.86413,,,,,13845.68609,,,,,11692.79612,,,,,9951.874617,,,,,8447.769695,,,,,7079.523087,,,,,5894.551805,,5493.326925,,,,,,
Albania,ALB,Renewable internal freshwater resources per capita (cubic meters),ER.H2O.INTR.PC,,,15718.86948,,,,,13685.40261,,,,,11992.19304,,,,,10702.01222,,,,,9661.391571,,,,,8723.555708,,,,,8284.470867,,,,,8544.345311,,,,,8816.752485,,,,,9057.187215,,,,,9274.579618,,9310.845162,,,,,,
Andorra,AND,Renewable internal freshwater resources per capita (cubic meters),ER.H2O.INTR.PC,,,20533.50683,,,,,15203.77686,,,,,11735.83222,,,,,9630.465961,,,,,8068.722197,,,,,6513.259726,,,,,5359.326179,,,,,4906.182474,,,,,4505.417636,,,,,3816.941609,,,,,3828.842491,,3984.194514,,,,,,
Arab World,ARB,Renewable internal freshwater resources per capita (cubic meters),ER.H2O.INTR.PC,,,1217.604491,,,,,1060.52252,,,,,924.7168642,,,,,799.0243483,,,,,681.9387278,,,,,588.6356524,,,,,518.7018081,,,,,457.716016,,,,,412.0199741,,,,,367.8077571,,,,,305.3490238,,292.4444603,,,,,,
United Arab Emirates,ARE,Renewable internal freshwater resources per capita (cubic meters),ER.H2O.INTR.PC,,,1337.876166,,,,,883.5431257,,,,,453.2078048,,,,,203.9861616,,,,,128.7768092,,,,,97.81315861,,,,,73.06768845,,,,,56.15113189,,,,,43.11860174,,,,,24.31576255,,,,,16.40851335,,16.27926537,,,,,,
Argentina,ARG,Renewable internal freshwater resources per capita (cubic meters),ER.H2O.INTR.PC,,,13804.1546,,,,,12790.82201,,,,,11844.3162,,,,,10952.16387,,,,,10140.8086,,,,,9363.651683,,,,,8708.794206,,,,,8189.036848,,,,,7749.109522,,,,,7358.074523,,,,,6996.815562,,6843.295562,,,,,,
Armenia,ARM,Renewable internal freshwater resources per capita (cubic meters),ER.H2O.INTR.PC,,,,,,,,,,,,,,,,,,,,,,,,,,,,,,,,,1992.263893,,,,,2189.213265,,,,,2260.728324,,,,,2338.865819,,,,,2378.105206,,2355.099895,,,,,,
American Samoa,ASM,Renewable internal freshwater resources per capita (cubic meters),ER.H2O.INTR.PC,,,,,,,,,,,,,,,,,,,,,,,,,,,,,,,,,,,,,,,,,,,,,,,,,,,,,,,,,,,,,
Antigua and Barbuda,ATG,Renewable internal freshwater resources per capita (cubic meters),ER.H2O.INTR.PC,,,931.2154152,,,,,849.1043582,,,,,810.815025,,,,,836.5642948,,,,,841.7099662,,,,,842.5555358,,,,,806.5641917,,,,,725.2036149,,,,,664.1547992,,,,,618.8560684,,,,,575.163977,,561.785614,,,,,,
Australia,AUS,Renewable internal freshwater resources per capita (cubic meters),ER.H2O.INTR.PC,,,45801.52672,,,,,41698.44902,,,,,37337.78554,,,,,34667.41826,,,,,32415.33799,,,,,30251.0468,,,,,28122.32066,,,,,26570.17875,,,,,25036.38418,,,,,23622.50091,,,,,21642.10339,,20957.85401,,,,,,
Austria,AUT,Renewable internal freshwater resources per capita (cubic meters),ER.H2O.INTR.PC,,,7714.032133,,,,,7455.607281,,,,,7290.367794,,,,,7267.028961,,,,,7261.550486,,,,,7261.122918,,,,,7014.67176,,,,,6902.574924,,,,,6805.282433,,,,,6630.111047,,,,,6524.324878,,6435.491337,,,,,,
Azerbaijan,AZE,Renewable internal freshwater resources per capita (cubic meters),ER.H2O.INTR.PC,,,,,,,,,,,,,,,,,,,,,,,,,,,,,,,,,1099.295584,,,,,1035.307626,,,,,993.0310391,,,,,945.6609138,,,,,872.9763945,,851.0679356,,,,,,
Burundi,BDI,Renewable internal freshwater resources per capita (cubic meters),ER.H2O.INTR.PC,,,3460.230226,,,,,3092.32274,,,,,2818.190834,,,,,2609.97368,,,,,2296.948392,,,,,2001.13862,,,,,1769.393191,,,,,1643.218945,,,,,1500.571366,,,,,1279.537799,,,,,1088.039483,,1021.911468,,,,,,
Belgium,BEL,Renewable internal freshwater resources per capita (cubic meters),ER.H2O.INTR.PC,,,1301.436851,,,,,1252.480041,,,,,1235.697446,,,,,1220.70834,,,,,1217.495038,,,,,1215.776647,,,,,1194.605401,,,,,1178.63778,,,,,1161.351949,,,,,1129.337361,,,,,1080.406362,,1070.562849,,,,,,
Benin,BEN,Renewable internal freshwater resources per capita (cubic meters),ER.H2O.INTR.PC,,,4115.232914,,,,,3765.573663,,,,,3384.187041,,,,,2999.907673,,,,,2622.39053,,,,,2271.092106,,,,,1931.804307,,,,,1639.699448,,,,,1411.849723,,,,,1218.2439,,,,,1058.663527,,1001.27911,,,,,,
Burkina Faso,BFA,Renewable internal freshwater resources per capita (cubic meters),ER.H2O.INTR.PC,,,2519.995662,,,,,2339.501319,,,,,2145.859016,,,,,1953.450066,,,,,1746.23564,,,,,1535.612764,,,,,1344.503396,,,,,1171.998133,,,,,1016.83058,,,,,877.0685926,,,,,754.3186553,,710.7919889,,,,,,
Bangladesh,BGD,Renewable internal freshwater resources per capita (cubic meters),ER.H2O.INTR.PC,,,2068.877585,,,,,1778.628538,,,,,1575.968314,,,,,1429.279573,,,,,1251.010832,,,,,1097.509393,,,,,972.3689419,,,,,873.8307853,,,,,792.5839146,,,,,736.0137618,,,,,695.3282886,,679.5229518,,,,,,
Bulgaria,BGR,Renewable internal freshwater resources per capita (cubic meters),ER.H2O.INTR.PC,,,2620.758957,,,,,2527.007087,,,,,2448.636925,,,,,2385.229839,,,,,2354.931456,,,,,2340.782483,,,,,2458.969172,,,,,2526.447089,,,,,2679.541737,,,,,2783.175518,,,,,2874.393914,,2907.001694,,,,,,
Bahrain,BHR,Renewable internal freshwater resources per capita (cubic meters),ER.H2O.INTR.PC,,,23.10215774,,,,,20.40160561,,,,,17.45543409,,,,,13.19370001,,,,,10.36403679,,,,,8.9092614,,,,,7.646926127,,,,,6.723468772,,,,,5.441096054,,,,,3.861305758,,,,,3.077057994,,2.993843908,,,,,,
"Bahamas, The",BHS,Renewable internal freshwater resources per capita (cubic meters),ER.H2O.INTR.PC,,,5780.776441,,,,,4586.554842,,,,,3935.546985,,,,,3551.478684,,,,,3179.159249,,,,,2877.449429,,,,,2631.292077,,,,,2435.985774,,,,,2275.2389,,,,,2074.756438,,,,,1925.27724,,1888.660751,,,,,,
Bosnia and Herzegovina,BIH,Renewable internal freshwater resources per capita (cubic meters),ER.H2O.INTR.PC,,,,,,,,,,,,,,,,,,,,,,,,,,,,,,,,,8385.148037,,,,,9501.963293,,,,,9443.028877,,,,,9434.4988,,,,,9847.510605,,10194.98556,,,,,,
Belarus,BLR,Renewable internal freshwater resources per capita (cubic meters),ER.H2O.INTR.PC,,,,,,,,,,,,,,,,,,,,,,,,,,,,,,,,,3328.112764,,,,,3360.680043,,,,,3446.336686,,,,,3556.130859,,,,,3592.373391,,3588.575706,,,,,,
Belize,BLZ,Renewable internal freshwater resources per capita (cubic meters),ER.H2O.INTR.PC,,,156699.2524,,,,,135413.339,,,,,120015.7295,,,,,111395.8055,,,,,100726.0726,,,,,87540.15603,,,,,78528.64289,,,,,68869.0315,,,,,58160.36405,,,,,51032.52236,,,,,45147.92899,,43184.6867,,,,,,
Bermuda,BMU,Renewable internal freshwater resources per capita (cubic meters),ER.H2O.INTR.PC,,,,,,,,,,,,,,,,,,,,,,,,,,,,,,,,,,,,,,,,,,,,,,,,,,,,,,,,,,,,,
Bolivia,BOL,Renewable internal freshwater resources per capita (cubic meters),ER.H2O.INTR.PC,,,79805.62663,,,,,72112.94003,,,,,64817.32619,,,,,58049.99453,,,,,52198.48495,,,,,47106.6213,,,,,42382.82232,,,,,38236.42279,,,,,34714.22359,,,,,31752.04654,,,,,29245.46883,,28347.22067,,,,,,
Brazil,BRA,Renewable internal freshwater resources per capita (cubic meters),ER.H2O.INTR.PC,,,73986.14283,,,,,64303.37544,,,,,56689.71538,,,,,50353.39348,,,,,44751.58459,,,,,40179.82562,,,,,36697.93046,,,,,33855.82502,,,,,31531.01368,,,,,29774.29553,,,,,28406.22616,,27919.19374,,,,,,
Barbados,BRB,Renewable internal freshwater resources per capita (cubic meters),ER.H2O.INTR.PC,,,343.889302,,,,,338.0391196,,,,,331.2423659,,,,,321.3664501,,,,,314.8589825,,,,,310.0546859,,,,,304.3144177,,,,,298.299321,,,,,292.5848039,,,,,287.0470039,,,,,281.9880155,,280.874221,,,,,,
Brunei Darussalam,BRN,Renewable internal freshwater resources per capita (cubic meters),ER.H2O.INTR.PC,,,94992.23299,,,,,75590.49516,,,,,59849.88241,,,,,48650.9381,,,,,41249.12042,,,,,35779.98257,,,,,31034.13024,,,,,27247.25764,,,,,24511.07612,,,,,22668.78242,,,,,21303.84547,,20743.39445,,,,,,
Bhutan,BTN,Renewable internal freshwater resources per capita (cubic meters),ER.H2O.INTR.PC,,,405024.003,,,,,351920.9326,,,,,299847.2357,,,,,255769.6243,,,,,221479.2952,,,,,192186.3115,,,,,177730.8818,,,,,146816.5283,,,,,131489.6643,,,,,117315.1084,,,,,111177.1522,,108475.5568,,,,,,
Botswana,BWA,Renewable internal freshwater resources per capita (cubic meters),ER.H2O.INTR.PC,,,4582.093941,,,,,4108.941742,,,,,3597.704664,,,,,2998.017561,,,,,2492.535376,,,,,2078.091204,,,,,1760.10631,,,,,1558.011588,,,,,1407.920255,,,,,1279.686733,,,,,1176.729584,,1149.087385,,,,,,
Central African Republic,CAF,Renewable internal freshwater resources per capita (cubic meters),ER.H2O.INTR.PC,,,90855.78416,,,,,82538.09924,,,,,75490.60865,,,,,69120.39154,,,,,60376.82849,,,,,53271.07041,,,,,47647.43332,,,,,41563.05381,,,,,37084.49584,,,,,33587.34257,,,,,31782.41891,,31584.7833,,,,,,
Canada,CAN,Renewable internal freshwater resources per capita (cubic meters),ER.H2O.INTR.PC,,,153110.5619,,,,,139623.7507,,,,,128271.6991,,,,,120122.1807,,,,,113469.2273,,,,,107764.321,,,,,100453.7549,,,,,95298.76799,,,,,90879.8731,,,,,86655.04678,,,,,82098.91612,,80423.42794,,,,,,
Central Europe and the Baltics,CEB,Renewable internal freshwater resources per capita (cubic meters),ER.H2O.INTR.PC,,,1833.887491,,,,,1755.647577,,,,,1691.88173,,,,,1620.346215,,,,,1570.040011,,,,,1533.386346,,,,,2375.556973,,,,,2286.651407,,,,,2339.29116,,,,,2374.387671,,,,,2407.362625,,2417.577175,,,,,,
Switzerland,CHE,Renewable internal freshwater resources per capita (cubic meters),ER.H2O.INTR.PC,,,7248.177415,,,,,6742.565029,,,,,6452.688695,,,,,6431.918619,,,,,6321.083834,,,,,6172.550911,,,,,5876.052526,,,,,5699.045805,,,,,5545.829763,,,,,5350.201831,,,,,5051.982272,,4933.658776,,,,,,
Channel Islands,CHI,Renewable internal freshwater resources per capita (cubic meters),ER.H2O.INTR.PC,,,,,,,,,,,,,,,,,,,,,,,,,,,,,,,,,,,,,,,,,,,,,,,,,,,,,,,,,,,,,
Chile,CHL,Renewable internal freshwater resources per capita (cubic meters),ER.H2O.INTR.PC,,,104401.4101,,,,,95037.69023,,,,,87591.89974,,,,,81023.33664,,,,,75358.20052,,,,,69999.62983,,,,,64505.22416,,,,,59853.02532,,,,,56425.46047,,,,,53538.38839,,,,,50861.05467,,49834.00209,,,,,,
China,CHN,Renewable internal freshwater resources per capita (cubic meters),ER.H2O.INTR.PC,,,4225.182871,,,,,3728.049831,,,,,3263.227498,,,,,2981.594247,,,,,2788.931521,,,,,2594.934665,,,,,2414.654455,,,,,2286.852428,,,,,2196.969697,,,,,2134.480626,,,,,2082.631534,,2061.908566,,,,,,
Cote d'Ivoire,CIV,Renewable internal freshwater resources per capita (cubic meters),ER.H2O.INTR.PC,,,20377.82244,,,,,16909.60097,,,,,13780.39389,,,,,10935.74948,,,,,8766.696684,,,,,7182.520713,,,,,5997.305271,,,,,5078.429147,,,,,4459.265072,,,,,4008.087741,,,,,3566.126587,,3392.841555,,,,,,
Cameroon,CMR,Renewable internal freshwater resources per capita (cubic meters),ER.H2O.INTR.PC,,,50567.45764,,,,,45105.92457,,,,,39754.32121,,,,,34611.46413,,,,,29781.33302,,,,,25440.16139,,,,,21840.87538,,,,,19031.75228,,,,,16689.48786,,,,,14575.3278,,,,,12706.38213,,12036.05101,,,,,,
"Congo, Dem. Rep.",COD,Renewable internal freshwater resources per capita (cubic meters),ER.H2O.INTR.PC,,,56105.56324,,,,,48969.9311,,,,,42610.88643,,,,,37114.7336,,,,,32470.70574,,,,,28545.41328,,,,,24106.76791,,,,,20535.20213,,,,,18046.31913,,,,,15396.80571,,,,,13039.55751,,12200.50356,,,,,,
"Congo, Rep.",COG,Renewable internal freshwater resources per capita (cubic meters),ER.H2O.INTR.PC,,,207624.4952,,,,,182035.7003,,,,,157836.1377,,,,,136262.4439,,,,,117779.6936,,,,,102241.9071,,,,,89158.34522,,,,,77425.29505,,,,,67061.64566,,,,,57273.78339,,,,,49221.78583,,46865.36173,,,,,,
Colombia,COL,Renewable internal freshwater resources per capita (cubic meters),ER.H2O.INTR.PC,,,125490.5687,,,,,108128.4899,,,,,95263.79077,,,,,85238.97412,,,,,76329.57852,,,,,68760.10906,,,,,62313.76862,,,,,56860.65561,,,,,52476.60204,,,,,49042.56565,,,,,46552.6635,,45668.21638,,,,,,
Comoros,COM,Renewable internal freshwater resources per capita (cubic meters),ER.H2O.INTR.PC,,,6085.254414,,,,,5558.205996,,,,,5015.988463,,,,,4349.401957,,,,,3670.33088,,,,,3185.947846,,,,,2749.468436,,,,,2390.662074,,,,,2107.189203,,,,,1870.265889,,,,,1657.753937,,1580.215699,,,,,,
Cabo Verde,CPV,Renewable internal freshwater resources per capita (cubic meters),ER.H2O.INTR.PC,,,1427.606095,,,,,1211.988995,,,,,1103.578168,,,,,1097.554283,,,,,1019.527347,,,,,934.1865571,,,,,843.2722336,,,,,742.0985062,,,,,677.2758161,,,,,631.4991791,,,,,593.783091,,578.8499795,,,,,,
Costa Rica,CRI,Renewable internal freshwater resources per capita (cubic meters),ER.H2O.INTR.PC,,,78837.11763,,,,,66598.61428,,,,,58122.51918,,,,,51232.87609,,,,,44781.66757,,,,,39170.13392,,,,,34382.87307,,,,,30384.92865,,,,,27554.75899,,,,,25654.83396,,,,,24104.09556,,23564.26873,,,,,,
Caribbean small states,CSS,Renewable internal freshwater resources per capita (cubic meters),ER.H2O.INTR.PC,,,85348.58743,,,,,78848.58354,,,,,74128.21898,,,,,70064.96135,,,,,66141.61735,,,,,63034.2502,,,,,60786.3971,,,,,58253.97363,,,,,56257.07328,,,,,54376.50081,,,,,52536.91501,,51798.89411,,,,,,
Cuba,CUB,Renewable internal freshwater resources per capita (cubic meters),ER.H2O.INTR.PC,,,5114.34835,,,,,4611.450236,,,,,4223.661256,,,,,3951.838984,,,,,3834.887761,,,,,3705.77651,,,,,3550.542655,,,,,3468.692412,,,,,3403.67749,,,,,3388.106537,,,,,3386.307007,,3371.392093,,,,,,
Curacao,CUW,Renewable internal freshwater resources per capita (cubic meters),ER.H2O.INTR.PC,,,,,,,,,,,,,,,,,,,,,,,,,,,,,,,,,,,,,,,,,,,,,,,,,,,,,,,,,,,,,
Cayman Islands,CYM,Renewable internal freshwater resources per capita (cubic meters),ER.H2O.INTR.PC,,,,,,,,,,,,,,,,,,,,,,,,,,,,,,,,,,,,,,,,,,,,,,,,,,,,,,,,,,,,,
Cyprus,CYP,Renewable internal freshwater resources per capita (cubic meters),ER.H2O.INTR.PC,,,1350.20279,,,,,1319.1095,,,,,1242.042172,,,,,1172.007062,,,,,1127.653238,,,,,1078.27741,,,,,974.255912,,,,,875.2342374,,,,,798.3917524,,,,,733.2804995,,,,,687.1968185,,676.9158672,,,,,,
Czech Republic,CZE,Renewable internal freshwater resources per capita (cubic meters),ER.H2O.INTR.PC,,,,,,,,,,,,,,,,,,,,,,,,,,,,,,,,,,,,,,1276.187191,,,,,1289.605602,,,,,1276.844317,,,,,1251.095898,,1249.364985,,,,,,
Germany,DEU,Renewable internal freshwater resources per capita (cubic meters),ER.H2O.INTR.PC,,,1445.442307,,,,,1390.489179,,,,,1359.792921,,,,,1368.989952,,,,,1365.956877,,,,,1374.616007,,,,,1327.1384,,,,,1304.324967,,,,,1297.150591,,,,,1300.652957,,,,,1330.418465,,1321.273115,,,,,,
Djibouti,DJI,Renewable internal freshwater resources per capita (cubic meters),ER.H2O.INTR.PC,,,3184.57815,,,,,2283.15715,,,,,1673.882962,,,,,1081.162899,,,,,778.6726746,,,,,611.8328473,,,,,487.7620502,,,,,453.9518781,,,,,401.6376104,,,,,372.4621361,,,,,345.5679755,,333.8169971,,,,,,
Dominica,DMA,Renewable internal freshwater resources per capita (cubic meters),ER.H2O.INTR.PC,,,3226.743248,,,,,2954.82079,,,,,2788.194783,,,,,2723.311547,,,,,2666.560004,,,,,2783.886863,,,,,2835.110002,,,,,2832.901316,,,,,2863.811447,,,,,2825.058267,,,,,2818.290707,,2813.533094,,,,,,
Denmark,DNK,Renewable internal freshwater resources per capita (cubic meters),ER.H2O.INTR.PC,,,1290.953621,,,,,1240.860545,,,,,1202.020356,,,,,1179.148179,,,,,1172.376466,,,,,1170.269536,,,,,1160.234135,,,,,1135.290486,,,,,1116.085753,,,,,1098.611758,,,,,1073.043502,,1063.174728,,,,,,
Dominican Republic,DOM,Renewable internal freshwater resources per capita (cubic meters),ER.H2O.INTR.PC,,,6674.206153,,,,,5699.606024,,,,,4941.68912,,,,,4345.815996,,,,,3872.922013,,,,,3491.8624,,,,,3172.099776,,,,,2906.830396,,,,,2693.41746,,,,,2516.366825,,,,,2366.348868,,2311.81392,,,,,,
Algeria,DZA,Renewable internal freshwater resources per capita (cubic meters),ER.H2O.INTR.PC,,,968.1726786,,,,,847.4559673,,,,,735.9680335,,,,,639.8260492,,,,,550.0441942,,,,,473.2003706,,,,,416.2299952,,,,,378.2405253,,,,,353.1615604,,,,,329.2653502,,,,,300.9317891,,289.0270904,,,,,,
East Asia & Pacific (excluding high income),EAP,Renewable internal freshwater resources per capita (cubic meters),ER.H2O.INTR.PC,,,9693.382495,,,,,8527.560234,,,,,7465.477628,,,,,6766.836535,,,,,6251.707358,,,,,5754.665728,,,,,5316.740766,,,,,4992.765852,,,,,4750.181471,,,,,4566.45966,,,,,4405.315465,,4341.731962,,,,,,
Early-demographic dividend,EAR,Renewable internal freshwater resources per capita (cubic meters),ER.H2O.INTR.PC,,,12008.63796,,,,,10653.08719,,,,,9436.447866,,,,,8359.825708,,,,,7385.13834,,,,,6531.522048,,,,,5798.039358,,,,,5167.472274,,,,,4721.896145,,,,,4352.094229,,,,,4036.030256,,3924.175449,,,,,,
East Asia & Pacific,EAS,Renewable internal freshwater resources per capita (cubic meters),ER.H2O.INTR.PC,,,9684.752762,,,,,8583.102708,,,,,7566.876793,,,,,6883.997358,,,,,6380.587995,,,,,5901.271312,,,,,5479.080132,,,,,5162.515458,,,,,4928.732325,,,,,4748.524204,,,,,4584.421605,,4522.053205,,,,,,
Europe & Central Asia (excluding high income),ECA,Renewable internal freshwater resources per capita (cubic meters),ER.H2O.INTR.PC,,,,,,,,,,,,,,,,,,,,,,,,,,,,,,,,,14039.66818,,,,,13910.46764,,,,,13870.73572,,,,,13499.30024,,,,,13140.62551,,12965.15041,,,,,,
Europe & Central Asia,ECS,Renewable internal freshwater resources per capita (cubic meters),ER.H2O.INTR.PC,,,,,,,,,,,,,,,,,,,,,,,,,,,,,,,,,8553.897089,,,,,8334.013181,,,,,8978.892481,,,,,8774.877366,,,,,7937.089271,,7861.128756,,,,,,
Ecuador,ECU,Renewable internal freshwater resources per capita (cubic meters),ER.H2O.INTR.PC,,,91990.3327,,,,,79568.17359,,,,,68809.13382,,,,,59915.56564,,,,,52607.81481,,,,,46459.07107,,,,,41283.56424,,,,,37016.42277,,,,,33659.31282,,,,,30944.51342,,,,,28589.70427,,27733.48125,,,,,,
"Egypt, Arab Rep.",EGY,Renewable internal freshwater resources per capita (cubic meters),ER.H2O.INTR.PC,,,64.02901283,,,,,56.15084112,,,,,49.85782349,,,,,44.63224259,,,,,39.52630273,,,,,34.62091065,,,,,30.68174113,,,,,27.73828069,,,,,25.18009257,,,,,23.00845052,,,,,20.82797206,,19.90607562,,,,,,
Euro area,EMU,Renewable internal freshwater resources per capita (cubic meters),ER.H2O.INTR.PC,,,3614.716255,,,,,3464.448392,,,,,3360.180556,,,,,3278.148611,,,,,3218.706445,,,,,3188.349895,,,,,3225.798232,,,,,3165.092619,,,,,3112.717174,,,,,3032.993129,,,,,3001.287836,,2980.865912,,,,,,
Eritrea,ERI,Renewable internal freshwater resources per capita (cubic meters),ER.H2O.INTR.PC,,,,,,,,,,,,,,,,,,,,,,,,,,,,,,,,,,,,,,1275.522406,,,,,1128.550804,,,,,934.412268,,,,,,,,,,,,,
Spain,ESP,Renewable internal freshwater resources per capita (cubic meters),ER.H2O.INTR.PC,,,3584.395065,,,,,3402.38596,,,,,3213.457776,,,,,3045.604254,,,,,2927.393378,,,,,2874.512906,,,,,2839.800157,,,,,2776.017179,,,,,2683.944446,,,,,2458.719003,,,,,2377.43718,,2392.381453,,,,,,
Estonia,EST,Renewable internal freshwater resources per capita (cubic meters),ER.H2O.INTR.PC,,,,,,,,,,,,,,,,,,,,,,,,,,,,,,,,,8290.440685,,,,,9081.587813,,,,,9214.485084,,,,,9480.263747,,,,,9609.161894,,9668.744699,,,,,,
Ethiopia,ETH,Renewable internal freshwater resources per capita (cubic meters),ER.H2O.INTR.PC,,,,,,,,,,,,,,,,,,,,,,,,,,,,,,,,,,,,,,2009.969349,,,,,1739.326534,,,,,1512.252693,,,,,1315.690556,,1243.70181,,,,,,
European Union,EUU,Renewable internal freshwater resources per capita (cubic meters),ER.H2O.INTR.PC,,,3654.582427,,,,,3502.217051,,,,,3392.298101,,,,,3298.075525,,,,,3230.743183,,,,,3191.320926,,,,,3274.884148,,,,,3180.396399,,,,,3155.714736,,,,,3101.114014,,,,,3080.546062,,3065.401346,,,,,,
Fragile and conflict affected situations,FCS,Renewable internal freshwater resources per capita (cubic meters),ER.H2O.INTR.PC,,,28769.25287,,,,,25585.59815,,,,,22632.46693,,,,,19829.22199,,,,,17411.81495,,,,,15525.98931,,,,,13566.98424,,,,,11818.0407,,,,,10470.77481,,,,,9234.467084,,,,,7656.089262,,7296.78631,,,,,,
Finland,FIN,Renewable internal freshwater resources per capita (cubic meters),ER.H2O.INTR.PC,,,23823.07869,,,,,23231.86004,,,,,23062.04963,,,,,22579.07,,,,,22167.28511,,,,,21694.51167,,,,,21221.77108,,,,,20817.7889,,,,,20574.557,,,,,20231.73849,,,,,19763.68178,,19591.64422,,,,,,
Fiji,FJI,Renewable internal freshwater resources per capita (cubic meters),ER.H2O.INTR.PC,,,67707.7775,,,,,58506.37627,,,,,52593.37858,,,,,47718.85488,,,,,42721.61369,,,,,39554.82465,,,,,38349.48131,,,,,36014.51177,,,,,35019.63185,,,,,34142.95794,,,,,33003.14773,,32950.43124,,,,,,
France,FRA,Renewable internal freshwater resources per capita (cubic meters),ER.H2O.INTR.PC,,,4174.940268,,,,,3938.884737,,,,,3788.371133,,,,,3671.900827,,,,,3589.444184,,,,,3490.239188,,,,,3398.40041,,,,,3335.2872,,,,,3235.970164,,,,,3124.207964,,,,,3046.003378,,3016.042314,,,,,,
Faroe Islands,FRO,Renewable internal freshwater resources per capita (cubic meters),ER.H2O.INTR.PC,,,,,,,,,,,,,,,,,,,,,,,,,,,,,,,,,,,,,,,,,,,,,,,,,,,,,,,,,,,,,
"Micronesia, Fed. Sts.",FSM,Renewable internal freshwater resources per capita (cubic meters),ER.H2O.INTR.PC,,,,,,,,,,,,,,,,,,,,,,,,,,,,,,,,,,,,,,,,,,,,,,,,,,,,,,,,,,,,,
Gabon,GAB,Renewable internal freshwater resources per capita (cubic meters),ER.H2O.INTR.PC,,,320759.1822,,,,,295997.3577,,,,,268103.5272,,,,,242512.0702,,,,,214679.3554,,,,,187671.5793,,,,,163578.132,,,,,143691.0013,,,,,127298.0599,,,,,111369.5398,,,,,93731.31803,,87058.07411,,,,,,
United Kingdom,GBR,Renewable internal freshwater resources per capita (cubic meters),ER.H2O.INTR.PC,,,2723.004695,,,,,2639.069883,,,,,2585.312412,,,,,2580.369983,,,,,2574.864587,,,,,2552.72477,,,,,2518.217917,,,,,2486.412442,,,,,2442.291227,,,,,2364.549513,,,,,2276.287451,,2244.5022,,,,,,
Georgia,GEO,Renewable internal freshwater resources per capita (cubic meters),ER.H2O.INTR.PC,,,,,,,,,,,,,,,,,,,,,,,,,,,,,,,,,11927.77265,,,,,13363.48566,,,,,14610.97922,,,,,15058.96909,,,,,15589.1564,,15628.80604,,,,,,
Ghana,GHA,Renewable internal freshwater resources per capita (cubic meters),ER.H2O.INTR.PC,,,4284.519832,,,,,3725.652767,,,,,3282.90481,,,,,2914.736175,,,,,2594.883899,,,,,2235.828885,,,,,1935.689619,,,,,1691.888178,,,,,1496.563756,,,,,1319.459643,,,,,1165.543802,,1112.969243,,,,,,
Gibraltar,GIB,Renewable internal freshwater resources per capita (cubic meters),ER.H2O.INTR.PC,,,,,,,,,,,,,,,,,,,,,,,,,,,,,,,,,,,,,,,,,,,,,,,,,,,,,,,,,,,,,
Guinea,GIN,Renewable internal freshwater resources per capita (cubic meters),ER.H2O.INTR.PC,,,62579.1065,,,,,57345.08011,,,,,52674.09604,,,,,48823.93721,,,,,44513.7581,,,,,38956.61095,,,,,33650.79233,,,,,29495.92636,,,,,26321.69255,,,,,23744.08,,,,,21216.61516,,20267.28241,,,,,,
"Gambia, The",GMB,Renewable internal freshwater resources per capita (cubic meters),ER.H2O.INTR.PC,,,7896.939673,,,,,7031.870782,,,,,6092.285948,,,,,5201.497338,,,,,4424.041421,,,,,3610.008387,,,,,2919.77907,,,,,2498.904647,,,,,2136.354994,,,,,1829.43785,,,,,1574.794056,,1482.182682,,,,,,
Guinea-Bissau,GNB,Renewable internal freshwater resources per capita (cubic meters),ER.H2O.INTR.PC,,,25441.93435,,,,,23907.82339,,,,,21842.31758,,,,,20732.4516,,,,,19743.21481,,,,,17529.36717,,,,,15680.89381,,,,,14127.91057,,,,,12754.56314,,,,,11335.11342,,,,,9968.977787,,9453.811925,,,,,,
Equatorial Guinea,GNQ,Renewable internal freshwater resources per capita (cubic meters),ER.H2O.INTR.PC,,,99153.76079,,,,,89105.17838,,,,,89809.70705,,,,,107368.8036,,,,,91346.66058,,,,,67888.48533,,,,,58130.95563,,,,,48465.86884,,,,,39490.63161,,,,,31642.219,,,,,25213.56373,,23167.20664,,,,,,
Greece,GRC,Renewable internal freshwater resources per capita (cubic meters),ER.H2O.INTR.PC,,,6865.340954,,,,,6678.882112,,,,,6525.191514,,,,,6230.878321,,,,,5924.707388,,,,,5799.654921,,,,,5577.426654,,,,,5440.258041,,,,,5320.114012,,,,,5249.59422,,,,,5251.239677,,5324.807276,,,,,,
Grenada,GRD,Renewable internal freshwater resources per capita (cubic meters),ER.H2O.INTR.PC,,,2162.536222,,,,,2104.820038,,,,,2128.044434,,,,,2216.631385,,,,,2147.720195,,,,,2011.34398,,,,,2058.354346,,,,,1969.143521,,,,,1929.868576,,,,,1901.321418,,,,,1861.400145,,1836.513563,,,,,,
Greenland,GRL,Renewable internal freshwater resources per capita (cubic meters),ER.H2O.INTR.PC,,,,,,,,,,,,,,,,,,,,,,,,,,,,,,,,,,,,,,,,,,,10652016.46,,,,,10662187.25,,,,,,,,,,,,,
Guatemala,GTM,Renewable internal freshwater resources per capita (cubic meters),ER.H2O.INTR.PC,,,24939.45559,,,,,21634.75112,,,,,19078.3714,,,,,17028.79629,,,,,15035.81747,,,,,13105.39546,,,,,11441.67757,,,,,10122.01852,,,,,8989.490693,,,,,8102.683257,,,,,7387.391995,,7134.309784,,,,,,
Guam,GUM,Renewable internal freshwater resources per capita (cubic meters),ER.H2O.INTR.PC,,,,,,,,,,,,,,,,,,,,,,,,,,,,,,,,,,,,,,,,,,,,,,,,,,,,,,,,,,,,,
Guyana,GUY,Renewable internal freshwater resources per capita (cubic meters),ER.H2O.INTR.PC,,,397502.8246,,,,,356576.9207,,,,,333819.0562,,,,,316097.0798,,,,,308481.5794,,,,,318173.6568,,,,,321933.4172,,,,,317954.5365,,,,,323581.5781,,,,,322851.1643,,,,,319036.6945,,315701.2235,,,,,,
High income,HIC,Renewable internal freshwater resources per capita (cubic meters),ER.H2O.INTR.PC,,,13269.22505,,,,,12543.25661,,,,,11935.06677,,,,,11419.42872,,,,,10975.48464,,,,,10613.19375,,,,,10187.94452,,,,,9704.561282,,,,,9975.835757,,,,,9634.425102,,,,,8804.484695,,8702.087741,,,,,,
"Hong Kong SAR, China",HKG,Renewable internal freshwater resources per capita (cubic meters),ER.H2O.INTR.PC,,,,,,,,,,,,,,,,,,,,,,,,,,,,,,,,,,,,,,,,,,,,,,,,,,,,,,,,,,,,,
Honduras,HND,Renewable internal freshwater resources per capita (cubic meters),ER.H2O.INTR.PC,,,42056.97872,,,,,36462.13524,,,,,31456.08795,,,,,27039.88428,,,,,23182.90612,,,,,19959.42948,,,,,17286.09459,,,,,14995.78461,,,,,13083.63874,,,,,11610.39777,,,,,10492.21642,,10123.28726,,,,,,
Heavily indebted poor countries (HIPC),HPC,Renewable internal freshwater resources per capita (cubic meters),ER.H2O.INTR.PC,,,28585.4357,,,,,25275.84052,,,,,22233.13201,,,,,19431.08058,,,,,17024.09247,,,,,15016.12321,,,,,13051.28326,,,,,9892.059205,,,,,8607.492092,,,,,7467.802833,,,,,6138.923274,,5803.650183,,,,,,
Croatia,HRV,Renewable internal freshwater resources per capita (cubic meters),ER.H2O.INTR.PC,,,,,,,,,,,,,,,,,,,,,,,,,,,,,,,,,8238.96405,,,,,8313.266827,,,,,8763.011445,,,,,8746.659391,,,,,8834.092003,,8894.889072,,,,,,
Haiti,HTI,Renewable internal freshwater resources per capita (cubic meters),ER.H2O.INTR.PC,,,3236.984325,,,,,2939.911685,,,,,2689.499088,,,,,2457.211746,,,,,2201.269088,,,,,1965.629733,,,,,1777.445514,,,,,1620.027878,,,,,1486.152282,,,,,1370.147508,,,,,1269.15314,,1233.29132,,,,,,
Hungary,HUN,Renewable internal freshwater resources per capita (cubic meters),ER.H2O.INTR.PC,,,596.3186862,,,,,587.2792955,,,,,577.0069094,,,,,563.4844602,,,,,560.4577445,,,,,565.358186,,,,,578.6288637,,,,,583.0628408,,,,,590.6321024,,,,,596.6717649,,,,,604.8166387,,608.1203527,,,,,,
IBRD only,IBD,Renewable internal freshwater resources per capita (cubic meters),ER.H2O.INTR.PC,,,12688.7149,,,,,11249.60248,,,,,9945.284657,,,,,8940.383023,,,,,8113.707547,,,,,7362.442033,,,,,7532.919888,,,,,7024.723583,,,,,6618.216779,,,,,6270.942272,,,,,5967.293639,,5851.504715,,,,,,
IDA & IBRD total,IBT,Renewable internal freshwater resources per capita (cubic meters),ER.H2O.INTR.PC,,,13701.07916,,,,,12137.45959,,,,,10725.72796,,,,,9606.404501,,,,,8658.196572,,,,,7803.190391,,,,,7687.948787,,,,,7021.91048,,,,,6531.201995,,,,,6102.723616,,,,,5682.269264,,5538.374299,,,,,,
IDA total,IDA,Renewable internal freshwater resources per capita (cubic meters),ER.H2O.INTR.PC,,,18814.27363,,,,,16600.24611,,,,,14638.76879,,,,,12873.02226,,,,,11223.84489,,,,,9801.987128,,,,,8383.693963,,,,,7010.774145,,,,,6207.469302,,,,,5515.414296,,,,,4779.932746,,4571.523551,,,,,,
IDA blend,IDB,Renewable internal freshwater resources per capita (cubic meters),ER.H2O.INTR.PC,,,14020.12489,,,,,12402.57571,,,,,10891.24619,,,,,9430.795946,,,,,8079.161278,,,,,6944.189681,,,,,5645.820203,,,,,4961.629693,,,,,4394.997886,,,,,3911.347966,,,,,3468.614385,,3310.729565,,,,,,
Indonesia,IDN,Renewable internal freshwater resources per capita (cubic meters),ER.H2O.INTR.PC,,,21822.69151,,,,,19071.35607,,,,,16683.56315,,,,,14707.37589,,,,,13070.64898,,,,,11758.69255,,,,,10754.24684,,,,,9954.323215,,,,,9288.831894,,,,,8688.570457,,,,,8126.304654,,7913.643562,,,,,,
IDA only,IDX,Renewable internal freshwater resources per capita (cubic meters),ER.H2O.INTR.PC,,,21246.37376,,,,,18721.39783,,,,,16544.47867,,,,,14664.89444,,,,,12905.43587,,,,,11368.14896,,,,,9983.952455,,,,,8091.446242,,,,,7162.701384,,,,,6359.289084,,,,,5441.76085,,5209.773989,,,,,,
Isle of Man,IMN,Renewable internal freshwater resources per capita (cubic meters),ER.H2O.INTR.PC,,,,,,,,,,,,,,,,,,,,,,,,,,,,,,,,,,,,,,,,,,,,,,,,,,,,,,,,,,,,,
India,IND,Renewable internal freshwater resources per capita (cubic meters),ER.H2O.INTR.PC,,,3082.648295,,,,,2778.628746,,,,,2488.438673,,,,,2216.401822,,,,,1974.763711,,,,,1764.098541,,,,,1590.221976,,,,,1444.699727,,,,,1322.580505,,,,,1222.09975,,,,,1142.376094,,1116.081607,,,,,,
Not classified,INX,Renewable internal freshwater resources per capita (cubic meters),ER.H2O.INTR.PC,,,,,,,,,,,,,,,,,,,,,,,,,,,,,,,,,,,,,,,,,,,,,,,,,,,,,,,,,,,,,
Ireland,IRL,Renewable internal freshwater resources per capita (cubic meters),ER.H2O.INTR.PC,,,17277.55152,,,,,16882.2891,,,,,16135.14003,,,,,14929.01103,,,,,14057.03138,,,,,13841.58504,,,,,13770.11772,,,,,13336.34172,,,,,12462.01945,,,,,11139.04207,,,,,10653.25545,,10520.12349,,,,,,
"Iran, Islamic Rep.",IRN,Renewable internal freshwater resources per capita (cubic meters),ER.H2O.INTR.PC,,,5569.68686,,,,,4882.630121,,,,,4272.609511,,,,,3692.205668,,,,,3069.079168,,,,,2510.070461,,,,,2186.103966,,,,,2035.278842,,,,,1909.792518,,,,,1801.322535,,,,,1701.088625,,1658.797533,,,,,,
Iraq,IRQ,Renewable internal freshwater resources per capita (cubic meters),ER.H2O.INTR.PC,,,4586.785367,,,,,3934.102003,,,,,3320.858729,,,,,2824.570878,,,,,2438.9453,,,,,2165.211812,,,,,1912.759267,,,,,1641.823667,,,,,1411.844792,,,,,1261.140312,,,,,1103.793912,,1022.900445,,,,,,
Iceland,ISL,Renewable internal freshwater resources per capita (cubic meters),ER.H2O.INTR.PC,,,932129.9718,,,,,855341.6083,,,,,812864.2947,,,,,766459.7225,,,,,726930.6423,,,,,691453.2313,,,,,651198.7803,,,,,627010.1207,,,,,591257.0473,,,,,545630.7813,,,,,530063.9818,,519264.7212,,,,,,
Israel,ISR,Renewable internal freshwater resources per capita (cubic meters),ER.H2O.INTR.PC,,,327.0824248,,,,,273.2240437,,,,,238.2465057,,,,,207.5837254,,,,,186.0580501,,,,,171.6639963,,,,,146.3985946,,,,,128.5126799,,,,,114.1552511,,,,,104.4553697,,,,,94.81069465,,91.28863031,,,,,,
Italy,ITA,Renewable internal freshwater resources per capita (cubic meters),ER.H2O.INTR.PC,,,3586.909843,,,,,3449.872875,,,,,3355.930237,,,,,3261.525503,,,,,3227.600787,,,,,3224.271624,,,,,3213.192958,,,,,3207.924181,,,,,3198.443324,,,,,3122.951365,,,,,3065.180844,,3002.180982,,,,,,
Jamaica,JAM,Renewable internal freshwater resources per capita (cubic meters),ER.H2O.INTR.PC,,,6453.918011,,,,,6000.04769,,,,,5591.442303,,,,,5199.845639,,,,,4843.206776,,,,,4555.035735,,,,,4396.499216,,,,,4187.442626,,,,,4018.055254,,,,,3908.638995,,,,,3807.001223,,3763.30024,,,,,,
Jordan,JOR,Renewable internal freshwater resources per capita (cubic meters),ER.H2O.INTR.PC,,,674.8078974,,,,,494.5619936,,,,,362.0082434,,,,,312.935477,,,,,266.0389915,,,,,217.766419,,,,,171.4570734,,,,,140.660871,,,,,128.2556146,,,,,109.0278932,,,,,84.29252125,,76.4569791,,,,,,
Japan,JPN,Renewable internal freshwater resources per capita (cubic meters),ER.H2O.INTR.PC,,,4487.01895,,,,,4269.049392,,,,,4011.643094,,,,,3776.468212,,,,,3630.254371,,,,,3521.963126,,,,,3461.349604,,,,,3411.155271,,,,,3374.004473,,,,,3359.348755,,,,,3369.140242,,3378.484553,,,,,,
Kazakhstan,KAZ,Renewable internal freshwater resources per capita (cubic meters),ER.H2O.INTR.PC,,,,,,,,,,,,,,,,,,,,,,,,,,,,,,,,,3914.449062,,,,,4196.637955,,,,,4330.723817,,,,,4155.851335,,,,,3832.16168,,3722.173715,,,,,,
Kenya,KEN,Renewable internal freshwater resources per capita (cubic meters),ER.H2O.INTR.PC,,,2393.890791,,,,,2031.906228,,,,,1704.255237,,,,,1414.041638,,,,,1167.096275,,,,,968.0989418,,,,,817.3393448,,,,,703.706825,,,,,613.3017324,,,,,534.8017456,,,,,466.8111902,,443.2549983,,,,,,
Kyrgyz Republic,KGZ,Renewable internal freshwater resources per capita (cubic meters),ER.H2O.INTR.PC,,,,,,,,,,,,,,,,,,,,,,,,,,,,,,,,,10836.24928,,,,,10418.61852,,,,,9804.235879,,,,,9287.4497,,,,,8726.280497,,8384.885614,,,,,,
Cambodia,KHM,Renewable internal freshwater resources per capita (cubic meters),ER.H2O.INTR.PC,,,20005.20533,,,,,18037.79861,,,,,16515.77195,,,,,16759.21291,,,,,17428.24685,,,,,14710.75796,,,,,12531.3166,,,,,10673.8888,,,,,9542.855294,,,,,8815.813962,,,,,8159.424602,,7895.510577,,,,,,
Kiribati,KIR,Renewable internal freshwater resources per capita (cubic meters),ER.H2O.INTR.PC,,,,,,,,,,,,,,,,,,,,,,,,,,,,,,,,,,,,,,,,,,,,,,,,,,,,,,,,,,,,,
St. Kitts and Nevis,KNA,Renewable internal freshwater resources per capita (cubic meters),ER.H2O.INTR.PC,,,470.9298903,,,,,506.5321542,,,,,541.5162455,,,,,546.1745028,,,,,561.6925669,,,,,584.7810726,,,,,589.7240583,,,,,560.0410697,,,,,531.384922,,,,,502.323245,,,,,481.0872572,,472.6828692,,,,,,
"Korea, Rep.",KOR,Renewable internal freshwater resources per capita (cubic meters),ER.H2O.INTR.PC,,,2445.967134,,,,,2152.269642,,,,,1935.508556,,,,,1781.016289,,,,,1649.021501,,,,,1558.081856,,,,,1482.354767,,,,,1411.2067,,,,,1361.115738,,,,,1332.069719,,,,,1291.836452,,1277.916641,,,,,,
Kuwait,KWT,Renewable internal freshwater resources per capita (cubic meters),ER.H2O.INTR.PC,,,0,,,,,0,,,,,0,,,,,0,,,,,0,,,,,0,,,,,,,,,,0,,,,,0,,,,,0,,,,,0,,0,,,,,,
Latin America & Caribbean (excluding high income),LAC,Renewable internal freshwater resources per capita (cubic meters),ER.H2O.INTR.PC,,,59029.37767,,,,,51507.38585,,,,,45368.42455,,,,,40291.62063,,,,,35972.65531,,,,,32363.29499,,,,,29448.20265,,,,,27063.78317,,,,,25129.36537,,,,,23578.78739,,,,,22267.66325,,21793.30746,,,,,,
Lao PDR,LAO,Renewable internal freshwater resources per capita (cubic meters),ER.H2O.INTR.PC,,,85722.3254,,,,,76253.94486,,,,,67022.40639,,,,,60717.34482,,,,,55980.3904,,,,,48751.38586,,,,,42307.8111,,,,,37700.61867,,,,,34660.74521,,,,,32027.19351,,,,,29544.43536,,28675.75254,,,,,,
Lebanon,LBN,Renewable internal freshwater resources per capita (cubic meters),ER.H2O.INTR.PC,,,2493.12184,,,,,2207.162426,,,,,1985.246311,,,,,1844.919169,,,,,1841.805061,,,,,1799.127423,,,,,1560.401179,,,,,1312.040376,,,,,1147.719923,,,,,1006.849936,,,,,866.6396805,,766.4780811,,,,,,
Liberia,LBR,Renewable internal freshwater resources per capita (cubic meters),ER.H2O.INTR.PC,,,171431.3143,,,,,153487.8188,,,,,135633.0367,,,,,118193.5301,,,,,100528.6298,,,,,92880.00461,,,,,99918.86588,,,,,85977.05616,,,,,66121.6261,,,,,57771.56027,,,,,48359.88654,,45876.76812,,,,,,
Libya,LBY,Renewable internal freshwater resources per capita (cubic meters),ER.H2O.INTR.PC,,,451.3761492,,,,,372.5629725,,,,,300.7531719,,,,,244.2737862,,,,,201.1231868,,,,,170.3276983,,,,,150.5089891,,,,,136.7719896,,,,,126.5573561,,,,,117.1589883,,,,,111.3630036,,110.0276531,,,,,,
St. Lucia,LCA,Renewable internal freshwater resources per capita (cubic meters),ER.H2O.INTR.PC,,,3264.73757,,,,,3019.171741,,,,,2821.935848,,,,,2662.288681,,,,,2479.584752,,,,,2292.596442,,,,,2116.252822,,,,,1987.900313,,,,,1882.152178,,,,,1789.559709,,,,,1698.311878,,1682.595235,,,,,,
Latin America & Caribbean,LCN,Renewable internal freshwater resources per capita (cubic meters),ER.H2O.INTR.PC,,,59791.60444,,,,,52348.95313,,,,,46271.23235,,,,,41206.13182,,,,,36885.6977,,,,,33258.10413,,,,,30305.17925,,,,,27879.41275,,,,,25919.70355,,,,,24348.07825,,,,,23015.34827,,22533.11669,,,,,,
Least developed countries: UN classification,LDC,Renewable internal freshwater resources per capita (cubic meters),ER.H2O.INTR.PC,,,20596.37297,,,,,18243.05594,,,,,16189.59262,,,,,14388.9324,,,,,12693.49219,,,,,11208.77888,,,,,9827.833446,,,,,7895.934969,,,,,6974.502485,,,,,6179.410538,,,,,5245.63385,,5003.933476,,,,,,
Low income,LIC,Renewable internal freshwater resources per capita (cubic meters),ER.H2O.INTR.PC,,,21307.30114,,,,,18995.44189,,,,,16805.49424,,,,,14819.65931,,,,,13108.36663,,,,,11691.5688,,,,,10240.2774,,,,,7628.834251,,,,,6651.812747,,,,,5773.130068,,,,,4685.901059,,4456.180165,,,,,,
Liechtenstein,LIE,Renewable internal freshwater resources per capita (cubic meters),ER.H2O.INTR.PC,,,,,,,,,,,,,,,,,,,,,,,,,,,,,,,,,,,,,,,,,,,,,,,,,,,,,,,,,,,,,
Sri Lanka,LKA,Renewable internal freshwater resources per capita (cubic meters),ER.H2O.INTR.PC,,,5100.375486,,,,,4529.214722,,,,,4060.841559,,,,,3699.16408,,,,,3406.18637,,,,,3172.323496,,,,,2976.858142,,,,,2858.550477,,,,,2769.838681,,,,,2661.016174,,,,,2585.067319,,2541.149293,,,,,,
Lower middle income,LMC,Renewable internal freshwater resources per capita (cubic meters),ER.H2O.INTR.PC,,,7955.041422,,,,,7082.650878,,,,,6293.976304,,,,,5579.733297,,,,,4927.524883,,,,,4353.634136,,,,,3773.200026,,,,,3405.145914,,,,,3108.100208,,,,,2857.02745,,,,,2639.699384,,2561.060625,,,,,,
Low & middle income,LMY,Renewable internal freshwater resources per capita (cubic meters),ER.H2O.INTR.PC,,,13452.13865,,,,,11896.77961,,,,,10491.86787,,,,,9385.481718,,,,,8450.9318,,,,,7608.137748,,,,,7517.782336,,,,,6858.713433,,,,,6372.272302,,,,,5949.190889,,,,,5535.247428,,5393.751929,,,,,,
Lesotho,LSO,Renewable internal freshwater resources per capita (cubic meters),ER.H2O.INTR.PC,,,6017.470223,,,,,5435.048058,,,,,4855.653401,,,,,4257.099507,,,,,3695.154684,,,,,3276.133586,,,,,2934.43529,,,,,2657.46091,,,,,2576.571721,,,,,2632.212034,,,,,2595.54638,,2559.41338,,,,,,
Late-demographic dividend,LTE,Renewable internal freshwater resources per capita (cubic meters),ER.H2O.INTR.PC,,,14444.41965,,,,,12763.38557,,,,,11245.6906,,,,,10233.19061,,,,,9480.714614,,,,,8764.019507,,,,,9715.321202,,,,,9198.66807,,,,,8848.139144,,,,,8543.50978,,,,,8284.349078,,8184.448817,,,,,,
Lithuania,LTU,Renewable internal freshwater resources per capita (cubic meters),ER.H2O.INTR.PC,,,,,,,,,,,,,,,,,,,,,,,,,,,,,,,,,4178.249643,,,,,4324.30981,,,,,4490.182735,,,,,4784.460962,,,,,5174.422555,,5272.191373,,,,,,
Luxembourg,LUX,Renewable internal freshwater resources per capita (cubic meters),ER.H2O.INTR.PC,,,3117.692907,,,,,2985.119181,,,,,2885.170225,,,,,2767.338761,,,,,2735.790986,,,,,2697.235334,,,,,2549.882068,,,,,2384.074383,,,,,2241.273043,,,,,2083.363716,,,,,1883.430707,,1797.529835,,,,,,
Latvia,LVA,Renewable internal freshwater resources per capita (cubic meters),ER.H2O.INTR.PC,,,,,,,,,,,,,,,,,,,,,,,,,,,,,,,,,6479.651828,,,,,6963.024041,,,,,7332.784168,,,,,7698.862668,,,,,8327.11094,,8496.415355,,,,,,
"Macao SAR, China",MAC,Renewable internal freshwater resources per capita (cubic meters),ER.H2O.INTR.PC,,,,,,,,,,,,,,,,,,,,,,,,,,,,,,,,,,,,,,,,,,,,,,,,,,,,,,,,,,,,,
St. Martin (French part),MAF,Renewable internal freshwater resources per capita (cubic meters),ER.H2O.INTR.PC,,,,,,,,,,,,,,,,,,,,,,,,,,,,,,,,,,,,,,,,,,,,,,,,,,,,,,,,,,,,,
Morocco,MAR,Renewable internal freshwater resources per capita (cubic meters),ER.H2O.INTR.PC,,,2214.604661,,,,,1939.27644,,,,,1736.850291,,,,,1557.457312,,,,,1382.004745,,,,,1236.818711,,,,,1127.904091,,,,,1044.872933,,,,,984.5604623,,,,,930.570668,,,,,872.3930264,,848.143007,,,,,,
Monaco,MCO,Renewable internal freshwater resources per capita (cubic meters),ER.H2O.INTR.PC,,,,,,,,,,,,,,,,,,,,,,,,,,,,,,,,,,,,,,,,,,,,,,,,,,,,,,,,,,,,,
Moldova,MDA,Renewable internal freshwater resources per capita (cubic meters),ER.H2O.INTR.PC,,,,,,,,,,,,,,,,,,,,,,,,,,,,,,,,,544.1482233,,,,,551.8605878,,,,,556.6046293,,,,,563.7863333,,,,,566.5409319,,567.0382751,,,,,,
Madagascar,MDG,Renewable internal freshwater resources per capita (cubic meters),ER.H2O.INTR.PC,,,62961.19778,,,,,55486.71398,,,,,48512.80191,,,,,42134.66991,,,,,36495.05005,,,,,31649.86719,,,,,27395.39835,,,,,23487.83309,,,,,20101.26145,,,,,17341.16241,,,,,15080.56625,,14285.78272,,,,,,
Maldives,MDV,Renewable internal freshwater resources per capita (cubic meters),ER.H2O.INTR.PC,,,316.1055793,,,,,279.1268911,,,,,243.2024904,,,,,207.4244111,,,,,176.6253952,,,,,147.7628701,,,,,126.976065,,,,,113.704414,,,,,101.9763007,,,,,89.50708449,,,,,75.52166591,,68.9631392,,,,,,
Middle East & North Africa,MEA,Renewable internal freshwater resources per capita (cubic meters),ER.H2O.INTR.PC,,,2075.452287,,,,,1808.384605,,,,,1576.254426,,,,,1368.899942,,,,,1168.963385,,,,,995.2471716,,,,,870.6031902,,,,,776.3944948,,,,,706.5002107,,,,,639.0242647,,,,,575.3640136,,553.3947308,,,,,,
Mexico,MEX,Renewable internal freshwater resources per capita (cubic meters),ER.H2O.INTR.PC,,,10175.3142,,,,,8710.243383,,,,,7478.523062,,,,,6505.497551,,,,,5755.808434,,,,,5164.136133,,,,,4697.092757,,,,,4322.964469,,,,,4022.235073,,,,,3746.433263,,,,,3487.55444,,3398.276474,,,,,,
Marshall Islands,MHL,Renewable internal freshwater resources per capita (cubic meters),ER.H2O.INTR.PC,,,,,,,,,,,,,,,,,,,,,,,,,,,,,,,,,,,,,,,,,,,,,,,,,,,,,,,,,,,,,
Middle income,MIC,Renewable internal freshwater resources per capita (cubic meters),ER.H2O.INTR.PC,,,12997.89912,,,,,11489.75297,,,,,10131.06681,,,,,9070.200899,,,,,8175.571476,,,,,7364.317386,,,,,7356.964951,,,,,6799.394894,,,,,6349.213113,,,,,5964.908856,,,,,5624.347422,,5494.795977,,,,,,
North Macedonia,MKD,Renewable internal freshwater resources per capita (cubic meters),ER.H2O.INTR.PC,,,,,,,,,,,,,,,,,,,,,,,,,,,,,,,,,2715.397662,,,,,2700.542809,,,,,2635.524528,,,,,2614.472753,,,,,2603.315467,,2598.933956,,,,,,
Mali,MLI,Renewable internal freshwater resources per capita (cubic meters),ER.H2O.INTR.PC,,,11149.5813,,,,,10514.8804,,,,,9760.131749,,,,,8938.857766,,,,,8120.543513,,,,,7442.119843,,,,,6779.405161,,,,,5943.908524,,,,,5164.894864,,,,,4395.133006,,,,,3754.811086,,3543.121561,,,,,,
Malta,MLT,Renewable internal freshwater resources per capita (cubic meters),ER.H2O.INTR.PC,,,155.9123186,,,,,162.092762,,,,,166.9697471,,,,,164.51119,,,,,154.9564588,,,,,146.5956428,,,,,137.3708578,,,,,131.9257767,,,,,127.5352363,,,,,124.1628229,,,,,120.2300799,,116.2100341,,,,,,
Myanmar,MMR,Renewable internal freshwater resources per capita (cubic meters),ER.H2O.INTR.PC,,,44189.56362,,,,,39472.55536,,,,,35106.63614,,,,,31317.57829,,,,,28068.29253,,,,,25454.0522,,,,,23654.72088,,,,,22275.40831,,,,,21026.29669,,,,,20213.02269,,,,,19508.41972,,19184.86071,,,,,,
Middle East & North Africa (excluding high income),MNA,Renewable internal freshwater resources per capita (cubic meters),ER.H2O.INTR.PC,,,2194.954514,,,,,1920.439056,,,,,1683.381158,,,,,1476.041441,,,,,1273.573647,,,,,1093.057398,,,,,952.2443474,,,,,856.2095767,,,,,782.9206066,,,,,717.6493267,,,,,656.4300533,,633.2420435,,,,,,
Montenegro,MNE,Renewable internal freshwater resources per capita (cubic meters),ER.H2O.INTR.PC,,,,,,,,,,,,,,,,,,,,,,,,,,,,,,,,,,,,,,,,,,,,,,,,,,,,,,,,,,,,,
Mongolia,MNG,Renewable internal freshwater resources per capita (cubic meters),ER.H2O.INTR.PC,,,34410.33734,,,,,29662.6892,,,,,25651.04263,,,,,22276.14871,,,,,19575.55913,,,,,17114.66432,,,,,15511.51217,,,,,14898.95682,,,,,14243.20102,,,,,13416.50539,,,,,12319.89674,,11836.29989,,,,,,
Northern Mariana Islands,MNP,Renewable internal freshwater resources per capita (cubic meters),ER.H2O.INTR.PC,,,,,,,,,,,,,,,,,,,,,,,,,,,,,,,,,,,,,,,,,,,,,,,,,,,,,,,,,,,,,
Mozambique,MOZ,Renewable internal freshwater resources per capita (cubic meters),ER.H2O.INTR.PC,,,13360.32394,,,,,11915.36598,,,,,10617.98133,,,,,9340.195723,,,,,8228.174582,,,,,7844.303327,,,,,7264.956739,,,,,6116.904349,,,,,5345.29799,,,,,4627.81053,,,,,4034.16402,,3815.695733,,,,,,
Mauritania,MRT,Renewable internal freshwater resources per capita (cubic meters),ER.H2O.INTR.PC,,,443.6134087,,,,,381.9184528,,,,,328.556667,,,,,283.4587638,,,,,244.8501884,,,,,212.7927829,,,,,186.6851485,,,,,164.368048,,,,,143.9833498,,,,,124.901757,,,,,107.9169493,,101.7579707,,,,,,
Mauritius,MUS,Renewable internal freshwater resources per capita (cubic meters),ER.H2O.INTR.PC,,,3928.041591,,,,,3509.300092,,,,,3228.672395,,,,,2985.742024,,,,,2771.729767,,,,,2655.195245,,,,,2536.790844,,,,,2395.748787,,,,,2283.705829,,,,,2219.210571,,,,,2190.492419,,2181.716093,,,,,,
Malawi,MWI,Renewable internal freshwater resources per capita (cubic meters),ER.H2O.INTR.PC,,,4204.172759,,,,,3709.959333,,,,,3254.984472,,,,,2822.688469,,,,,2458.123191,,,,,1982.521871,,,,,1666.327172,,,,,1572.347569,,,,,1377.878006,,,,,1209.731276,,,,,1048.3239,,990.8198758,,,,,,
Malaysia,MYS,Renewable internal freshwater resources per capita (cubic meters),ER.H2O.INTR.PC,,,66725.40036,,,,,57732.55394,,,,,51217.39781,,,,,45346.82188,,,,,40079.57592,,,,,35104.70887,,,,,30522.04913,,,,,26898.18522,,,,,23958.63484,,,,,21706.28625,,,,,19953.10401,,19419.71286,,,,,,
North America,NAC,Renewable internal freshwater resources per capita (cubic meters),ER.H2O.INTR.PC,,,27628.29512,,,,,25866.63259,,,,,24418.98677,,,,,23232.85573,,,,,22073.28922,,,,,21091.36258,,,,,19895.72897,,,,,18733.29182,,,,,17768.84545,,,,,16963.95326,,,,,16261.87882,,16023.13832,,,,,,
Namibia,NAM,Renewable internal freshwater resources per capita (cubic meters),ER.H2O.INTR.PC,,,9261.556272,,,,,8173.143264,,,,,7088.950214,,,,,6203.698855,,,,,5574.136009,,,,,4787.079858,,,,,4060.758439,,,,,3627.729042,,,,,3326.990807,,,,,3070.001007,,,,,2806.654322,,2709.562203,,,,,,
New Caledonia,NCL,Renewable internal freshwater resources per capita (cubic meters),ER.H2O.INTR.PC,,,,,,,,,,,,,,,,,,,,,,,,,,,,,,,,,,,,,,,,,,,,,,,,,,,,,,,,,,,,,
Niger,NER,Renewable internal freshwater resources per capita (cubic meters),ER.H2O.INTR.PC,,,975.4118189,,,,,844.4739555,,,,,734.0254564,,,,,637.3889054,,,,,551.7438811,,,,,477.5586329,,,,,408.5553832,,,,,343.8721637,,,,,287.1209911,,,,,238.331965,,,,,196.6823509,,181.9111975,,,,,,
Nigeria,NGA,Renewable internal freshwater resources per capita (cubic meters),ER.H2O.INTR.PC,,,4699.146001,,,,,4222.211918,,,,,3767.100591,,,,,3288.537403,,,,,2854.281343,,,,,2509.993636,,,,,2206.431979,,,,,1947.863143,,,,,1718.559437,,,,,1510.182006,,,,,1321.542962,,1252.799653,,,,,,
Nicaragua,NIC,Renewable internal freshwater resources per capita (cubic meters),ER.H2O.INTR.PC,,,82758.25529,,,,,71087.30814,,,,,61046.6491,,,,,52319.73724,,,,,45208.23137,,,,,39952.21081,,,,,35788.65174,,,,,32355.21301,,,,,29927.22435,,,,,27942.47999,,,,,26109.37253,,25428.42087,,,,,,
Netherlands,NLD,Renewable internal freshwater resources per capita (cubic meters),ER.H2O.INTR.PC,,,931.7541738,,,,,873.1405381,,,,,825.2934124,,,,,793.8693082,,,,,768.5487494,,,,,750.0833445,,,,,724.4388661,,,,,704.6471479,,,,,681.1597227,,,,,671.4811458,,,,,656.5219306,,652.2380541,,,,,,
Norway,NOR,Renewable internal freshwater resources per capita (cubic meters),ER.H2O.INTR.PC,,,104976.2594,,,,,100936.9966,,,,,97126.77638,,,,,94479.50327,,,,,92835.91107,,,,,91236.8444,,,,,89119.05349,,,,,86716.54608,,,,,84175.10272,,,,,81118.62154,,,,,76117.25485,,74359.11012,,,,,,
Nepal,NPL,Renewable internal freshwater resources per capita (cubic meters),ER.H2O.INTR.PC,,,18997.14803,,,,,17411.98055,,,,,15751.23538,,,,,14128.34525,,,,,12600.58295,,,,,11246.22405,,,,,9940.656986,,,,,8775.823536,,,,,8015.974681,,,,,7512.532606,,,,,7343.498088,,7366.133166,,,,,,
Nauru,NRU,Renewable internal freshwater resources per capita (cubic meters),ER.H2O.INTR.PC,,,,,,,,,,,,,,,,,,,,,,,,,,,,,,,,,,,,,,,,,,,,,,,,,,,,,,,,,,,,,
New Zealand,NZL,Renewable internal freshwater resources per capita (cubic meters),ER.H2O.INTR.PC,,,131748.5898,,,,,120039.6461,,,,,112607.1834,,,,,104800.9743,,,,,103608.8844,,,,,99865.62424,,,,,92589.97084,,,,,86478.19533,,,,,82816.25934,,,,,77418.43837,,,,,74181.6202,,72510.36654,,,,,,
OECD members,OED,Renewable internal freshwater resources per capita (cubic meters),ER.H2O.INTR.PC,,,15500.72951,,,,,14531.68155,,,,,13711.78369,,,,,13021.19819,,,,,12430.14265,,,,,11939.49699,,,,,11375.39867,,,,,10796.11144,,,,,10408.54418,,,,,10033.11229,,,,,9710.514355,,9584.82046,,,,,,
Oman,OMN,Renewable internal freshwater resources per capita (cubic meters),ER.H2O.INTR.PC,,,2418.701399,,,,,2120.845793,,,,,1803.240681,,,,,1431.779784,,,,,1085.177942,,,,,864.2706204,,,,,705.9031148,,,,,622.2880465,,,,,599.6081989,,,,,526.8787178,,,,,400.2253841,,347.6308954,,,,,,
Other small states,OSS,Renewable internal freshwater resources per capita (cubic meters),ER.H2O.INTR.PC,,,67024.45837,,,,,60592.33768,,,,,54199.01513,,,,,48347.84577,,,,,42610.58134,,,,,36961.2067,,,,,30225.3292,,,,,26890.47462,,,,,24549.24382,,,,,21841.06589,,,,,19274.35343,,18484.36107,,,,,,
Pakistan,PAK,Renewable internal freshwater resources per capita (cubic meters),ER.H2O.INTR.PC,,,1165.281937,,,,,1025.052488,,,,,896.0283413,,,,,775.1045549,,,,,659.2226052,,,,,559.5927914,,,,,482.8325549,,,,,419.6633459,,,,,367.7707144,,,,,327.755325,,,,,293.6756025,,281.6081824,,,,,,
Panama,PAN,Renewable internal freshwater resources per capita (cubic meters),ER.H2O.INTR.PC,,,113601.4916,,,,,98003.69487,,,,,84961.02739,,,,,74328.00087,,,,,65870.78428,,,,,58923.4013,,,,,53028.89726,,,,,47864.10798,,,,,43376.2608,,,,,39552.07134,,,,,36227.42549,,35013.83508,,,,,,
Peru,PER,Renewable internal freshwater resources per capita (cubic meters),ER.H2O.INTR.PC,,,152658.746,,,,,132478.8916,,,,,115384.9318,,,,,100932.9315,,,,,89056.93267,,,,,79308.76012,,,,,71450.908,,,,,65090.7538,,,,,60551.34267,,,,,57918.22215,,,,,55614.32169,,54535.74017,,,,,,
Philippines,PHL,Renewable internal freshwater resources per capita (cubic meters),ER.H2O.INTR.PC,,,17060.02125,,,,,14592.99497,,,,,12630.72537,,,,,10978.83235,,,,,9575.487456,,,,,8364.790651,,,,,7366.950868,,,,,6558.868985,,,,,5887.033505,,,,,5357.613306,,,,,4927.342883,,4765.546172,,,,,,
Palau,PLW,Renewable internal freshwater resources per capita (cubic meters),ER.H2O.INTR.PC,,,,,,,,,,,,,,,,,,,,,,,,,,,,,,,,,,,,,,,,,,,,,,,,,,,,,,,,,,,,,
Papua New Guinea,PNG,Renewable internal freshwater resources per capita (cubic meters),ER.H2O.INTR.PC,,,342256.2076,,,,,308454.1863,,,,,274490.0089,,,,,242533.7602,,,,,212552.3719,,,,,186601.8041,,,,,165625.3224,,,,,147063.1165,,,,,131341.1671,,,,,117646.8169,,,,,104966.5562,,100796.1639,,,,,,
Poland,POL,Renewable internal freshwater resources per capita (cubic meters),ER.H2O.INTR.PC,,,1768.480789,,,,,1675.672625,,,,,1621.507972,,,,,1545.15618,,,,,1479.41729,,,,,1422.956779,,,,,1397.155282,,,,,1386.816857,,,,,1402.026933,,,,,1406.065388,,,,,1408.185615,,1410.090857,,,,,,
Pre-demographic dividend,PRE,Renewable internal freshwater resources per capita (cubic meters),ER.H2O.INTR.PC,,,19188.06717,,,,,17027.48262,,,,,14982.44225,,,,,13008.75966,,,,,11307.36536,,,,,9933.514188,,,,,8602.953161,,,,,7418.744958,,,,,6466.156653,,,,,5604.122251,,,,,4602.589208,,4343.022017,,,,,,
Puerto Rico,PRI,Renewable internal freshwater resources per capita (cubic meters),ER.H2O.INTR.PC,,,2897.578359,,,,,2683.626176,,,,,2520.182759,,,,,2298.709161,,,,,2166.316344,,,,,2062.84411,,,,,1980.376975,,,,,1888.584174,,,,,1856.839748,,,,,1876.819821,,,,,1953.507619,,2008.558155,,,,,,
"Korea, Dem. People’s Rep.",PRK,Renewable internal freshwater resources per capita (cubic meters),ER.H2O.INTR.PC,,,5643.667906,,,,,5067.046095,,,,,4405.642352,,,,,3988.907741,,,,,3720.452114,,,,,3447.923439,,,,,3200.014672,,,,,2999.740276,,,,,2870.675675,,,,,2769.930674,,,,,2701.546236,,2673.823254,,,,,,
Portugal,PRT,Renewable internal freshwater resources per capita (cubic meters),ER.H2O.INTR.PC,,,4225.045961,,,,,4281.921726,,,,,4403.02511,,,,,4018.750644,,,,,3833.825459,,,,,3788.622388,,,,,3818.138449,,,,,3759.035163,,,,,3646.962162,,,,,3604.299512,,,,,3613.938543,,3653.473078,,,,,,
Paraguay,PRY,Renewable internal freshwater resources per capita (cubic meters),ER.H2O.INTR.PC,,,58305.55099,,,,,51073.90525,,,,,45049.31167,,,,,39854.04563,,,,,34730.74618,,,,,30063.71967,,,,,26321.61504,,,,,23408.89538,,,,,21149.8199,,,,,19505.11359,,,,,18220.008,,17728.54596,,,,,,
West Bank and Gaza,PSE,Renewable internal freshwater resources per capita (cubic meters),ER.H2O.INTR.PC,,,,,,,,,,,,,,,,,,,,,,,,,,,,,,,,,375.3019864,,,,,300.0164787,,,,,264.0330132,,,,,232.3654112,,,,,204.020203,,194.5656753,,,,,,
Pacific island small states,PSS,Renewable internal freshwater resources per capita (cubic meters),ER.H2O.INTR.PC,,,,,,,,,,,,,103261.5774,,,,,91244.276,,,,,80347.68106,,,,,72724.44555,,,,,67703.07262,,,,,61773.9245,,,,,57628.05022,,,,,53786.22737,,,,,49831.44104,,48473.8736,,,,,,
Post-demographic dividend,PST,Renewable internal freshwater resources per capita (cubic meters),ER.H2O.INTR.PC,,,12436.56721,,,,,11775.72197,,,,,11228.13122,,,,,10794.11049,,,,,10436.24584,,,,,10155.19666,,,,,9229.373488,,,,,8895.021507,,,,,8681.555292,,,,,8456.844948,,,,,8267.562426,,8194.63743,,,,,,
French Polynesia,PYF,Renewable internal freshwater resources per capita (cubic meters),ER.H2O.INTR.PC,,,,,,,,,,,,,,,,,,,,,,,,,,,,,,,,,,,,,,,,,,,40165.15913,,,,,38063.19251,,,,,,,,,,,,,
Qatar,QAT,Renewable internal freshwater resources per capita (cubic meters),ER.H2O.INTR.PC,,,995.3432157,,,,,648.884151,,,,,429.1187739,,,,,307.1556292,,,,,202.0012553,,,,,132.6548983,,,,,113.0411086,,,,,104.6101311,,,,,87.38148886,,,,,45.96063472,,,,,25.50005146,,22.77165157,,,,,,
Romania,ROU,Renewable internal freshwater resources per capita (cubic meters),ER.H2O.INTR.PC,,,2269.155706,,,,,2169.52365,,,,,2051.50974,,,,,1947.959781,,,,,1885.588555,,,,,1846.668959,,,,,1859.238044,,,,,1879.047678,,,,,1950.25461,,,,,2029.403655,,,,,2112.868982,,2128.687764,,,,,,
Russian Federation,RUS,Renewable internal freshwater resources per capita (cubic meters),ER.H2O.INTR.PC,,,,,,,,,,,,,,,,,,,,,,,,,,,,,,,,,29029.57008,,,,,29151.80662,,,,,29675.20441,,,,,30194.99708,,,,,30111.36996,,29981.99148,,,,,,
Rwanda,RWA,Renewable internal freshwater resources per capita (cubic meters),ER.H2O.INTR.PC,,,3111.758648,,,,,2777.051035,,,,,2382.610057,,,,,2040.648428,,,,,1725.753437,,,,,1401.183454,,,,,1417.435713,,,,,1479.773598,,,,,1127.320798,,,,,1024.396046,,,,,900.5014181,,857.119528,,,,,,
South Asia,SAS,Renewable internal freshwater resources per capita (cubic meters),ER.H2O.INTR.PC,,,3345.939035,,,,,2997.682222,,,,,2676.59478,,,,,2383.324407,,,,,2117.068567,,,,,1885.647895,,,,,1688.306525,,,,,1511.543363,,,,,1376.070548,,,,,1264.142861,,,,,1177.243284,,1147.333293,,,,,,
Saudi Arabia,SAU,Renewable internal freshwater resources per capita (cubic meters),ER.H2O.INTR.PC,,,550.1072021,,,,,461.9706706,,,,,375.412367,,,,,292.4084551,,,,,218.40314,,,,,166.1397383,,,,,138.8672632,,,,,123.6658133,,,,,110.0649186,,,,,95.29634324,,,,,82.31811375,,77.62721046,,,,,,
Sudan,SDN,Renewable internal freshwater resources per capita (cubic meters),ER.H2O.INTR.PC,,,,,,,,,,,,,,,,,,,,,,,,,,,,,,,,,,,,,,,,,,,,,,,,,,,,,106.0658531,,101.6511346,,,,,,
Senegal,SEN,Renewable internal freshwater resources per capita (cubic meters),ER.H2O.INTR.PC,,,7617.796827,,,,,6615.988536,,,,,5704.313589,,,,,4979.239659,,,,,4365.675032,,,,,3752.315746,,,,,3228.997499,,,,,2825.577434,,,,,2508.824889,,,,,2207.565962,,,,,1925.087101,,1820.140361,,,,,,
Singapore,SGP,Renewable internal freshwater resources per capita (cubic meters),ER.H2O.INTR.PC,,,342.8179637,,,,,303.3980583,,,,,278.7585951,,,,,258.0312218,,,,,226.7174413,,,,,216.2326577,,,,,185.7183804,,,,,158.0595347,,,,,143.6798812,,,,,130.7588656,,,,,112.9425158,,109.6947488,,,,,,
Solomon Islands,SLB,Renewable internal freshwater resources per capita (cubic meters),ER.H2O.INTR.PC,,,357485.6046,,,,,307603.3774,,,,,259052.3436,,,,,215017.5574,,,,,181377.7404,,,,,155819.7093,,,,,135456.5978,,,,,117631.8885,,,,,102656.672,,,,,90829.2897,,,,,80386.43034,,76139.66774,,,,,,
Sierra Leone,SLE,Renewable internal freshwater resources per capita (cubic meters),ER.H2O.INTR.PC,,,66980.10565,,,,,61614.17588,,,,,56044.5442,,,,,50465.09897,,,,,45195.5697,,,,,39622.16305,,,,,36800.86408,,,,,36906.31862,,,,,32220.60806,,,,,26712.82197,,,,,23835.839,,22801.29922,,,,,,
El Salvador,SLV,Renewable internal freshwater resources per capita (cubic meters),ER.H2O.INTR.PC,,,5332.301671,,,,,4614.181508,,,,,4041.569991,,,,,3602.662513,,,,,3299.377678,,,,,3084.338605,,,,,2885.721549,,,,,2720.018711,,,,,2621.543688,,,,,2559.856923,,,,,2505.641702,,2482.872469,,,,,,
San Marino,SMR,Renewable internal freshwater resources per capita (cubic meters),ER.H2O.INTR.PC,,,,,,,,,,,,,,,,,,,,,,,,,,,,,,,,,,,,,,,,,,,,,,,,,,,,,,,,,,,,,
Somalia,SOM,Renewable internal freshwater resources per capita (cubic meters),ER.H2O.INTR.PC,,,2087.524328,,,,,1858.827619,,,,,1724.24198,,,,,1249.442696,,,,,907.9842689,,,,,874.3458618,,,,,822.4378593,,,,,756.0362882,,,,,631.4897411,,,,,541.5103319,,,,,471.8646755,,446.9747853,,,,,,
Serbia,SRB,Renewable internal freshwater resources per capita (cubic meters),ER.H2O.INTR.PC,,,,,,,,,,,,,,,,,,,,,,,,,,,,,,,,,,,,,,,,,,,,,,,,1138.916213,,,,,1167.788593,,1179.007138,,,,,,
Sub-Saharan Africa (excluding high income),SSA,Renewable internal freshwater resources per capita (cubic meters),ER.H2O.INTR.PC,,,18433.78381,,,,,16332.86126,,,,,14370.84642,,,,,12484.05809,,,,,10786.90342,,,,,9367.781059,,,,,8164.201489,,,,,6605.469792,,,,,5796.354597,,,,,5074.408804,,,,,4234.964881,,4010.790011,,,,,,
South Sudan,SSD,Renewable internal freshwater resources per capita (cubic meters),ER.H2O.INTR.PC,,,,,,,,,,,,,,,,,,,,,,,,,,,,,,,,,,,,,,,,,,,,,,,,,,,,,2570.783813,,2463.314847,,,,,,
Sub-Saharan Africa,SSF,Renewable internal freshwater resources per capita (cubic meters),ER.H2O.INTR.PC,,,18383.69975,,,,,16288.94918,,,,,14334.35198,,,,,12454.82769,,,,,10763.94003,,,,,9350.341976,,,,,8150.862275,,,,,6597.194618,,,,,5789.997209,,,,,5069.752618,,,,,4232.166812,,4008.409563,,,,,,
Small states,SST,Renewable internal freshwater resources per capita (cubic meters),ER.H2O.INTR.PC,,,76656.95063,,,,,69654.84226,,,,,63303.35155,,,,,57498.43834,,,,,51753.41309,,,,,46243.88956,,,,,39618.3064,,,,,36101.59348,,,,,33428.83863,,,,,30399.49506,,,,,27401.17141,,26440.83888,,,,,,
Sao Tome and Principe,STP,Renewable internal freshwater resources per capita (cubic meters),ER.H2O.INTR.PC,,,33809.45734,,,,,32036.68053,,,,,27972.38689,,,,,24741.80002,,,,,21915.49466,,,,,19772.52526,,,,,17499.35782,,,,,16049.23729,,,,,14784.97358,,,,,13108.83945,,,,,11570.8796,,11137.96257,,,,,,
Suriname,SUR,Renewable internal freshwater resources per capita (cubic meters),ER.H2O.INTR.PC,,,325770.4141,,,,,284760.9734,,,,,269089.7428,,,,,276799.9687,,,,,274299.0136,,,,,259817.2881,,,,,235347.2561,,,,,217984.3712,,,,,205294.0993,,,,,193669.17,,,,,182911.6204,,178935.1731,,,,,,
Slovak Republic,SVK,Renewable internal freshwater resources per capita (cubic meters),ER.H2O.INTR.PC,,,,,,,,,,,,,,,,,,,,,,,,,,,,,,,,,,,,,,2340.575681,,,,,2343.352467,,,,,2344.350914,,,,,2330.063047,,2325.302857,,,,,,
Slovenia,SVN,Renewable internal freshwater resources per capita (cubic meters),ER.H2O.INTR.PC,,,,,,,,,,,,,,,,,,,,,,,,,,,,,,,,,9351.374256,,,,,9401.01392,,,,,9360.601244,,,,,9251.175102,,,,,9075.623226,,9054.404019,,,,,,
Sweden,SWE,Renewable internal freshwater resources per capita (cubic meters),ER.H2O.INTR.PC,,,22614.29742,,,,,21733.79507,,,,,21053.14997,,,,,20723.40436,,,,,20539.89165,,,,,20362.46619,,,,,19727.58171,,,,,19330.63549,,,,,19159.75403,,,,,18692.42242,,,,,17963.36608,,17635.93854,,,,,,
Eswatini,SWZ,Renewable internal freshwater resources per capita (cubic meters),ER.H2O.INTR.PC,,,7539.496681,,,,,6687.658484,,,,,5776.312306,,,,,4959.981964,,,,,4191.733711,,,,,3526.432212,,,,,3045.007284,,,,,2740.220837,,,,,2590.625273,,,,,2532.004926,,,,,2446.05703,,2410.912667,,,,,,
Sint Maarten (Dutch part),SXM,Renewable internal freshwater resources per capita (cubic meters),ER.H2O.INTR.PC,,,,,,,,,,,,,,,,,,,,,,,,,,,,,,,,,,,,,,,,,,,,,,,,,,,,,,,,,,,,,
Seychelles,SYC,Renewable internal freshwater resources per capita (cubic meters),ER.H2O.INTR.PC,,,,,,,,,,,,,,,,,,,,,,,,,,,,,,,,,,,,,,,,,,,,,,,,,,,,,,,,,,,,,
Syrian Arab Republic,SYR,Renewable internal freshwater resources per capita (cubic meters),ER.H2O.INTR.PC,,,1462.847729,,,,,1242.35504,,,,,1048.801782,,,,,884.7922791,,,,,743.673742,,,,,627.7698187,,,,,540.8084814,,,,,469.9737389,,,,,417.4511924,,,,,358.784026,,,,,348.880308,,381.0710083,,,,,,
Turks and Caicos Islands,TCA,Renewable internal freshwater resources per capita (cubic meters),ER.H2O.INTR.PC,,,,,,,,,,,,,,,,,,,,,,,,,,,,,,,,,,,,,,,,,,,,,,,,,,,,,,,,,,,,,
Chad,TCD,Renewable internal freshwater resources per capita (cubic meters),ER.H2O.INTR.PC,,,4805.788476,,,,,4367.034711,,,,,3931.580023,,,,,3525.058939,,,,,3179.204105,,,,,2771.184924,,,,,2359.697128,,,,,1999.068967,,,,,1663.112595,,,,,1386.57485,,,,,1173.272845,,1097.810607,,,,,,
East Asia & Pacific (IDA & IBRD countries),TEA,Renewable internal freshwater resources per capita (cubic meters),ER.H2O.INTR.PC,,,9747.146277,,,,,8572.563688,,,,,7505.54774,,,,,6803.255977,,,,,6284.574768,,,,,5784.413205,,,,,5343.912754,,,,,5018.395549,,,,,4774.209067,,,,,4589.340129,,,,,4426.775738,,4362.650889,,,,,,
Europe & Central Asia (IDA & IBRD countries),TEC,Renewable internal freshwater resources per capita (cubic meters),ER.H2O.INTR.PC,,,,,,,,,,,,,,,,,,,,,,,,,,,,,,,,,12164.54033,,,,,12069.80727,,,,,12082.59068,,,,,11835.28848,,,,,11589.90789,,11462.59306,,,,,,
Togo,TGO,Renewable internal freshwater resources per capita (cubic meters),ER.H2O.INTR.PC,,,7130.655307,,,,,6197.984092,,,,,5116.609761,,,,,4566.288009,,,,,3944.272573,,,,,3312.460989,,,,,2914.413804,,,,,2563.558987,,,,,2212.801886,,,,,1942.449774,,,,,1697.715923,,1611.096222,,,,,,
Thailand,THA,Renewable internal freshwater resources per capita (cubic meters),ER.H2O.INTR.PC,,,7719.833521,,,,,6646.180641,,,,,5747.773416,,,,,5055.634044,,,,,4557.82962,,,,,4161.578156,,,,,3883.34259,,,,,3689.607413,,,,,3504.029954,,,,,3392.157576,,,,,3309.454306,,3280.306341,,,,,,
Tajikistan,TJK,Renewable internal freshwater resources per capita (cubic meters),ER.H2O.INTR.PC,,,,,,,,,,,,,,,,,,,,,,,,,,,,,,,,,11532.95215,,,,,10686.37117,,,,,9874.173528,,,,,8985.267899,,,,,8058.581545,,7689.480691,,,,,,
Turkmenistan,TKM,Renewable internal freshwater resources per capita (cubic meters),ER.H2O.INTR.PC,,,,,,,,,,,,,,,,,,,,,,,,,,,,,,,,,360.2709135,,,,,322.6090878,,,,,304.7719037,,,,,288.492674,,,,,266.7096946,,257.0281183,,,,,,
Latin America & the Caribbean (IDA & IBRD countries),TLA,Renewable internal freshwater resources per capita (cubic meters),ER.H2O.INTR.PC,,,62350.82102,,,,,54500.3608,,,,,48085.08036,,,,,42743.5116,,,,,38152.81272,,,,,34318.9705,,,,,31217.76073,,,,,28669.03415,,,,,26609.82294,,,,,24952.96433,,,,,23546.23639,,23038.50305,,,,,,
Timor-Leste,TLS,Renewable internal freshwater resources per capita (cubic meters),ER.H2O.INTR.PC,,,16711.72628,,,,,15243.76101,,,,,13687.28673,,,,,13253.93343,,,,,13396.10396,,,,,11967.00225,,,,,10489.04619,,,,,9531.64413,,,,,8903.276709,,,,,7926.537449,,,,,7250.700357,,6995.472316,,,,,,
Middle East & North Africa (IDA & IBRD countries),TMN,Renewable internal freshwater resources per capita (cubic meters),ER.H2O.INTR.PC,,,2194.954514,,,,,1920.439056,,,,,1683.381158,,,,,1476.041441,,,,,1273.573647,,,,,1093.057398,,,,,957.5411328,,,,,861.9596155,,,,,788.4965482,,,,,723.0832826,,,,,661.7100049,,638.4215564,,,,,,
Tonga,TON,Renewable internal freshwater resources per capita (cubic meters),ER.H2O.INTR.PC,,,,,,,,,,,,,,,,,,,,,,,,,,,,,,,,,,,,,,,,,,,,,,,,,,,,,,,,,,,,,
South Asia (IDA & IBRD),TSA,Renewable internal freshwater resources per capita (cubic meters),ER.H2O.INTR.PC,,,3345.939035,,,,,2997.682222,,,,,2676.59478,,,,,2383.324407,,,,,2117.068567,,,,,1885.647895,,,,,1688.306525,,,,,1511.543363,,,,,1376.070548,,,,,1264.142861,,,,,1177.243284,,1147.333293,,,,,,
Sub-Saharan Africa (IDA & IBRD countries),TSS,Renewable internal freshwater resources per capita (cubic meters),ER.H2O.INTR.PC,,,18383.69975,,,,,16288.94918,,,,,14334.35198,,,,,12454.82769,,,,,10763.94003,,,,,9350.341976,,,,,8150.862275,,,,,6597.194618,,,,,5789.997209,,,,,5069.752618,,,,,4232.166812,,4008.409563,,,,,,
Trinidad and Tobago,TTO,Renewable internal freshwater resources per capita (cubic meters),ER.H2O.INTR.PC,,,4366.410026,,,,,4150.296952,,,,,3966.384888,,,,,3695.107447,,,,,3428.510205,,,,,3214.62386,,,,,3105.080283,,,,,3047.986741,,,,,3006.546285,,,,,2934.767905,,,,,2855.407093,,2818.675487,,,,,,
Tunisia,TUN,Renewable internal freshwater resources per capita (cubic meters),ER.H2O.INTR.PC,,,974.3394524,,,,,884.9256968,,,,,792.8051468,,,,,708.6190543,,,,,622.3547143,,,,,544.7531249,,,,,487.005769,,,,,446.5082575,,,,,424.9714651,,,,,407.0947641,,,,,386.7428069,,379.1850116,,,,,,
Turkey,TUR,Renewable internal freshwater resources per capita (cubic meters),ER.H2O.INTR.PC,,,7872.970625,,,,,6989.348356,,,,,6204.345277,,,,,5521.99961,,,,,4932.058075,,,,,4442.189734,,,,,4071.825714,,,,,3759.985827,,,,,3484.51487,,,,,3262.345087,,,,,3040.734483,,2939.199727,,,,,,
Tuvalu,TUV,Renewable internal freshwater resources per capita (cubic meters),ER.H2O.INTR.PC,,,,,,,,,,,,,,,,,,,,,,,,,,,,,,,,,,,,,,,,,,,,,,,,,,,,,,,,,,,,,
Tanzania,TZA,Renewable internal freshwater resources per capita (cubic meters),ER.H2O.INTR.PC,,,7885.871166,,,,,6802.616967,,,,,5821.875559,,,,,4968.881198,,,,,4258.917438,,,,,3656.752804,,,,,3115.588674,,,,,2692.924217,,,,,2377.260619,,,,,2064.824984,,,,,1785.240612,,1681.351066,,,,,,
Uganda,UGA,Renewable internal freshwater resources per capita (cubic meters),ER.H2O.INTR.PC,,,5404.809116,,,,,4561.167182,,,,,3927.636421,,,,,3430.497031,,,,,2949.631413,,,,,2497.957759,,,,,2101.103597,,,,,1800.936653,,,,,1549.632525,,,,,1322.646441,,,,,1128.49939,,1056.562734,,,,,,
Ukraine,UKR,Renewable internal freshwater resources per capita (cubic meters),ER.H2O.INTR.PC,,,,,,,,,,,,,,,,,,,,,,,,,,,,,,,,,1056.559489,,,,,1089.049029,,,,,1143.094949,,,,,1184.707894,,,,,1208.509786,,1217.083631,,,,,,
Upper middle income,UMC,Renewable internal freshwater resources per capita (cubic meters),ER.H2O.INTR.PC,,,16966.28814,,,,,14913.78979,,,,,13071.36184,,,,,11791.95688,,,,,10803.00019,,,,,9887.063869,,,,,10313.65078,,,,,9717.015538,,,,,9256.949181,,,,,8868.564705,,,,,8525.80096,,8386.192752,,,,,,
Uruguay,URY,Renewable internal freshwater resources per capita (cubic meters),ER.H2O.INTR.PC,,,35408.67059,,,,,33526.22427,,,,,32678.10542,,,,,32272.088,,,,,31213.47989,,,,,30233.66161,,,,,29228.42042,,,,,28194.30463,,,,,27720.65279,,,,,27673.15305,,,,,27286.3893,,27114.18601,,,,,,
United States,USA,Renewable internal freshwater resources per capita (cubic meters),ER.H2O.INTR.PC,,,15106.8415,,,,,14181.32775,,,,,13425.69654,,,,,12795.19068,,,,,12164.1688,,,,,11630.7385,,,,,10985.75516,,,,,10335.32974,,,,,9797.472783,,,,,9354.940439,,,,,8979.355417,,8853.25503,,,,,,
Uzbekistan,UZB,Renewable internal freshwater resources per capita (cubic meters),ER.H2O.INTR.PC,,,,,,,,,,,,,,,,,,,,,,,,,,,,,,,,,761.8070773,,,,,690.4128111,,,,,646.5692064,,,,,608.158404,,,,,548.7917513,,531.2490856,,,,,,
St. Vincent and the Grenadines,VCT,Renewable internal freshwater resources per capita (cubic meters),ER.H2O.INTR.PC,,,1201.388805,,,,,1139.250601,,,,,1080.929167,,,,,1023.530977,,,,,977.9377249,,,,,944.2335656,,,,,926.3547939,,,,,926.8270077,,,,,925.0950535,,,,,921.5061096,,,,,922.2114631,,918.6026217,,,,,,
"Venezuela, RB",VEN,Renewable internal freshwater resources per capita (cubic meters),ER.H2O.INTR.PC,,,92076.00743,,,,,77704.61532,,,,,66541.60702,,,,,57646.67373,,,,,50257.30178,,,,,44151.36954,,,,,39158.1094,,,,,35248.66709,,,,,32071.19183,,,,,29543.87559,,,,,27415.96929,,26793.02412,,,,,,
British Virgin Islands,VGB,Renewable internal freshwater resources per capita (cubic meters),ER.H2O.INTR.PC,,,,,,,,,,,,,,,,,,,,,,,,,,,,,,,,,,,,,,,,,,,,,,,,,,,,,,,,,,,,,
Virgin Islands (U.S.),VIR,Renewable internal freshwater resources per capita (cubic meters),ER.H2O.INTR.PC,,,,,,,,,,,,,,,,,,,,,,,,,,,,,,,,,,,,,,,,,,,,,,,,,,,,,,,,,,,,,
Vietnam,VNM,Renewable internal freshwater resources per capita (cubic meters),ER.H2O.INTR.PC,,,10362.3038,,,,,8968.643884,,,,,7890.493994,,,,,7066.295497,,,,,6325.871516,,,,,5641.897554,,,,,5070.292753,,,,,4659.47134,,,,,4407.955037,,,,,4207.465709,,,,,4002.116333,,3918.678374,,,,,,
Vanuatu,VUT,Renewable internal freshwater resources per capita (cubic meters),ER.H2O.INTR.PC,,,147505.679,,,,,127390.1578,,,,,110121.2435,,,,,94161.95857,,,,,82375.71564,,,,,73486.72462,,,,,64445.44693,,,,,57168.66471,,,,,51567.65677,,,,,45563.89881,,,,,40080.32096,,37894.86449,,,,,,
World,WLD,Renewable internal freshwater resources per capita (cubic meters),ER.H2O.INTR.PC,,,13402.9349,,,,,12062.3461,,,,,10840.98234,,,,,9852.845218,,,,,9002.395222,,,,,8228.623086,,,,,8019.335474,,,,,7374.416892,,,,,7002.723645,,,,,6576.021342,,,,,6072.514112,,5931.024279,,,,,,
Samoa,WSM,Renewable internal freshwater resources per capita (cubic meters),ER.H2O.INTR.PC,,,,,,,,,,,,,,,,,,,,,,,,,,,,,,,,,,,,,,,,,,,,,,,,,,,,,,,,,,,,,
Kosovo,XKX,Renewable internal freshwater resources per capita (cubic meters),ER.H2O.INTR.PC,,,,,,,,,,,,,,,,,,,,,,,,,,,,,,,,,,,,,,,,,,,,,,,,,,,,,,,,,,,,,
"Yemen, Rep.",YEM,Renewable internal freshwater resources per capita (cubic meters),ER.H2O.INTR.PC,,,383.6547721,,,,,355.4578178,,,,,328.6089794,,,,,292.5330928,,,,,245.8554335,,,,,203.4480965,,,,,162.1101492,,,,,131.4499024,,,,,113.8600728,,,,,98.6725488,,,,,85.80822646,,81.32132437,,,,,,
South Africa,ZAF,Renewable internal freshwater resources per capita (cubic meters),ER.H2O.INTR.PC,,,2493.63719,,,,,2195.339764,,,,,1924.273977,,,,,1691.78457,,,,,1485.881735,,,,,1306.209009,,,,,1158.442719,,,,,1042.164365,,,,,970.7283581,,,,,912.0565921,,,,,847.938747,,821.3252556,,,,,,
Zambia,ZMB,Renewable internal freshwater resources per capita (cubic meters),ER.H2O.INTR.PC,,,24596.32282,,,,,21117.08317,,,,,17957.20453,,,,,15167.71101,,,,,12799.51177,,,,,10877.76659,,,,,9489.611538,,,,,8356.247895,,,,,7309.716326,,,,,6414.482077,,,,,5544.371181,,5207.875737,,,,,,
Zimbabwe,ZWE,Renewable internal freshwater resources per capita (cubic meters),ER.H2O.INTR.PC,,,3035.253754,,,,,2564.946388,,,,,2160.767062,,,,,1826.354232,,,,,1540.541434,,,,,1286.841479,,,,,1124.718843,,,,,1052.067742,,,,,1025.573246,,,,,1000.332737,,,,,934.7981351,,902.3542983,,,,,,
